ageGroup;meanLinearScore;totalVotes;linearMeanDeviation
20-29;54.51058201058201;58;8.3008008008008
50-59;32.857142857142854;68;13.352638352638358
<20;44.44444444444444;9;1.7653367653367695
