gender,mean_score,total_votes,std_dev
Female,-0.1111111111111111,9,0.03530673530673531
Male,-0.06445578231292518,126,0.01134859349145062
