gender;mean_linear_score;mean_exponential_score;total_votes;linear_mean_deviation;exponential_mean_deviation
Female;-0.06666666666666667;-0.09242343145200196;30;0.03636363636363636;0.050412780792001066
Male;0.3333333333333333;0.46211715726000985;3;0.3636363636363636;0.5041278079200108
