age_group;mean_linear_score;mean_exponential_score;total_votes;linear_mean_deviation;exponential_mean_deviation
20-29;-0.04702380952380953;-0.08545458028190187;42;0.16435185185185186;0.26781899180943725
50-59;-0.34285714285714286;-0.5675287655388891;68;0.13148148148148148;0.21425519344754995
