age_group;mean_linear_score;total_votes;linear_mean_deviation
20-29;51.156462585034014;885;7.6678899244044345
40-49;37.81362007168458;167;5.674952588944997
60+;31.318681318681318;92;12.169891341948261
<20;22.053872053872052;187;21.434700606757527
