education;mean_linear_score;mean_exponential_score;total_votes;linear_mean_deviation;exponential_mean_deviation
Bachelor's Degree;-0.006122448979591847;-0.03164564071360073;39;0.20525321239606953;0.32162793137773843
Elementary School;-0.3333333333333333;-0.46211715726000985;3;0.12195767195767193;0.10884358516867071
Middle School;-0.34285714285714286;-0.5675287655388891;68;0.13148148148148148;0.21425519344754995
