gender;meanLinearScore;totalVotes;stdDevLinear
Female;44.44444444444444;9;
Male;44.88945578231293;129;1.9026845070408633
