ageGroup;meanLinearScore;meanExponentialScore;totalVotes;linearMeanDeviation;exponentialMeanDeviation
20-29;51.156462585034014;51.24078603845504;885;7.6678899244044345;5.0241154480622185
40-49;37.81362007168458;41.94407916274997;167;5.674952588944997;4.272591427642851
60+;31.318681318681318;41.367042117120704;92;12.169891341948261;4.849628473272119
<20;22.053872053872052;29.821222350878262;187;21.434700606757527;16.39544823951456
