education;mean_linear_score;mean_exponential_score;total_votes;linear_mean_deviation;exponential_mean_deviation
Bachelor's Degree;0.296551724137931;0.2299827772654441;490;0.4267802709253394;0.30564936545758764
High School Diploma;-0.38945578231292516;-0.27926860901190154;749;0.2592272355255168;0.20360202081975803
Middle School;-0.37362637362637363;-0.17265915765758605;92;0.24339782683896527;0.09699256946544253
