age_group,mean_score,std_dev,total_votes
20-29,0.3627645502645503,0.7962027860265979,58
50-59,-0.1785714285714286,0.8256448040190334,68
<20,0.1111111111111111,1.3176156917368247,9
